1,Jan,McNeal,JanAMcNeal@fleckens.hu,ES,Spain
2,Ursula,Vetter,UrsulaRVetter@fleckens.hu,CA,Canada
3,Craig,Steinhoff,CraigVSteinhoff@rhyta.com,ES,Spain
4,Edna,Burroughs,EdnaDBurroughs@gustr.com,GB,United Kingdom
5,Jerry,Williams,JerryTWilliams@gustr.com,GB,United Kingdom
6,Kathleen,Friesen,KathleenGFriesen@cuvox.de,US,United States
7,Michael,Lucky,MichaelHLucky@jourrapide.com,GB,United Kingdom
8,Martha,Clark,MarthaKClark@cuvox.de,CA,Canada
9,Katherine,Bingham,KatherineSBingham@cuvox.de,US,United States
10,Jonathan,Shearer,JonathanJShearer@teleworm.us,CA,Canada
11,Fred,Dinkins,FredWDinkins@gustr.com,GB,United Kingdom
12,Christine,Kamm,ChristineAKamm@rhyta.com,CA,Canada
13,Kristina,Scott,KristinaJScott@cuvox.de,US,United States
14,Donald,Keown,DonaldRKeown@cuvox.de,US,United States
15,Bryant,Gibson,BryantMGibson@gustr.com,US,United States
16,Cleo,Malone,CleoFMalone@fleckens.hu,ES,Spain
17,Jane,Russ,JaneJRuss@rhyta.com,CA,Canada
18,Rueben,Kersey,RuebenKKersey@dayrep.com,ES,Spain
19,Margaret,Knight,MargaretJKnight@cuvox.de,CA,Canada
20,Brandon,Banks,BrandonCBanks@jourrapide.com,CA,Canada
21,Wade,Collins,WadePCollins@fleckens.hu,US,United States
22,Thomas,Moris,ThomasJMoris@rhyta.com,ES,Spain
23,Joseph,Contreras,JosephBContreras@teleworm.us,GB,United Kingdom
24,Donald,Cameron,DonaldCCameron@teleworm.us,GB,United Kingdom
25,David,Garcia,DavidBGarcia@einrot.com,ES,Spain
26,Thomas,Wright,ThomasBWright@einrot.com,GB,United Kingdom
27,Douglas,Lee,DouglasSLee@cuvox.de,GB,United Kingdom
28,Lydia,Weymouth,LydiaPWeymouth@armyspy.com,CA,Canada
29,Kelly,Kerns,KellyRKerns@cuvox.de,GB,United Kingdom
30,John,Jones,JohnDJones@fleckens.hu,GB,United Kingdom
31,Brittany,Bush,BrittanyCBush@armyspy.com,GB,United Kingdom
32,Reginald,Gregg,ReginaldGGregg@rhyta.com,US,United States
33,James,Green,JamesEGreen@jourrapide.com,GB,United Kingdom
34,Lynn,Corral,LynnCCorral@dayrep.com,ES,Spain
35,Allison,Perry,AllisonDPerry@rhyta.com,CA,Canada
36,Anna,Reese,AnnaRReese@dayrep.com,ES,Spain
37,Harry,Lu,HarryBLu@rhyta.com,ES,Spain
38,Carole,Forsyth,CaroleDForsyth@dayrep.com,GB,United Kingdom
39,Marco,Estrada,MarcoEEstrada@teleworm.us,US,United States
40,Cindy,Larson,CindyDLarson@superrito.com,CA,Canada
41,Arthur,Henson,ArthurSHenson@einrot.com,US,United States
42,Clifford,Fortier,CliffordVFortier@teleworm.us,CA,Canada
43,Lucia,Douglas,LuciaBDouglas@cuvox.de,ES,Spain
44,Martha,Stephenson,MarthaRStephenson@gustr.com,ES,Spain
45,Patricia,Sledge,PatriciaASledge@armyspy.com,ES,Spain
46,Michael,Rojo,MichaelTRojo@cuvox.de,ES,Spain
47,Rosemary,Mathis,RosemaryJMathis@jourrapide.com,US,United States
48,Ursula,Baker,UrsulaSBaker@fleckens.hu,CA,Canada
49,Roger,Anchondo,RogerJAnchondo@jourrapide.com,GB,United Kingdom
50,Tony,Bell,TonyABell@rhyta.com,GB,United Kingdom
51,Betty,Walters,BettyPWalters@einrot.com,GB,United Kingdom
52,Nicole,Miller,NicolePMiller@superrito.com,CA,Canada
53,Ethel,Brenneman,EthelABrenneman@fleckens.hu,CA,Canada
54,Socorro,Anderson,SocorroGAnderson@teleworm.us,GB,United Kingdom
55,Marvis,Alexander,MarvisTAlexander@gustr.com,US,United States
56,Wayne,Whitcomb,WayneMWhitcomb@jourrapide.com,US,United States
57,Henry,Martin,HenryEMartin@gustr.com,CA,Canada
58,Edwin,Lott,EdwinCLott@superrito.com,GB,United Kingdom
59,Leroy,Betts,LeroyMBetts@dayrep.com,US,United States
60,Donald,Mickel,DonaldKMickel@jourrapide.com,ES,Spain
61,Paul,Conley,PaulKConley@superrito.com,ES,Spain
62,Louise,Hill,LouiseJHill@dayrep.com,US,United States
63,Eddie,Murray,EddieRMurray@jourrapide.com,US,United States
64,Amy,Hanson,AmyCHanson@armyspy.com,ES,Spain
65,Jim,Cannon,JimJCannon@rhyta.com,CA,Canada
66,Monte,Bayerl,MonteDBayerl@rhyta.com,GB,United Kingdom
67,Geraldine,Mann,GeraldineGMann@armyspy.com,US,United States
68,Timothy,Cohen,TimothyDCohen@rhyta.com,ES,Spain
69,Richard,Simmons,RichardESimmons@jourrapide.com,GB,United Kingdom
70,Cindy,Francis,CindyWFrancis@gustr.com,GB,United Kingdom
71,Brian,Crandall,BrianJCrandall@superrito.com,GB,United Kingdom
72,Sean,Dileo,SeanRDileo@einrot.com,ES,Spain
73,Corey,Harvey,CoreyAHarvey@cuvox.de,GB,United Kingdom
74,Josephine,Flores,JosephineJFlores@fleckens.hu,CA,Canada
75,Roberta,Weathersby,RobertaRWeathersby@jourrapide.com,CA,Canada
76,Dorothy,Anderson,DorothyRAnderson@dayrep.com,CA,Canada
77,Betty,Rollins,BettyWRollins@einrot.com,US,United States
78,Ana,Behr,AnaFBehr@gustr.com,GB,United Kingdom
79,William,Truong,WilliamSTruong@rhyta.com,ES,Spain
80,Francis,McLendon,FrancisCMcLendon@cuvox.de,GB,United Kingdom
81,Victoria,Turner,VictoriaBTurner@jourrapide.com,GB,United Kingdom
82,Sabrina,Boone,SabrinaLBoone@cuvox.de,GB,United Kingdom
83,Eddie,Clay,EddieMClay@dayrep.com,ES,Spain
84,Katie,McCoy,KatieCMcCoy@jourrapide.com,GB,United Kingdom
85,Bobby,Clay,BobbyJClay@teleworm.us,US,United States
86,Stanley,Rehberg,StanleySRehberg@einrot.com,US,United States
87,Amy,Stiles,AmyJStiles@superrito.com,ES,Spain
88,Kelly,Abney,KellyGAbney@dayrep.com,US,United States
89,Greg,Ruffin,GregCRuffin@jourrapide.com,CA,Canada
90,David,Perez,DavidRPerez@cuvox.de,US,United States
91,Melissa,Olson,MelissaROlson@teleworm.us,ES,Spain
92,Mary,Miller,MarySMiller@cuvox.de,GB,United Kingdom
93,Amy,Lee,AmyDLee@armyspy.com,ES,Spain
94,Sylvia,Brown,SylviaEBrown@fleckens.hu,CA,Canada
95,William,Sylvester,WilliamVSylvester@gustr.com,US,United States
96,Angela,Lynch,AngelaRLynch@jourrapide.com,US,United States
97,Brian,Fitzgerald,BrianCFitzgerald@dayrep.com,CA,Canada
98,Claire,Shrader,ClaireCShrader@jourrapide.com,US,United States
99,Arlene,Elliott,ArleneAElliott@einrot.com,GB,United Kingdom
100,David,Shadrick,DavidPShadrick@cuvox.de,ES,Spain
101,Dora,Magill,DoraTMagill@gustr.com,ES,Spain
102,Gayle,Duke,GayleTDuke@armyspy.com,US,United States
103,John,Grove,JohnCGrove@superrito.com,GB,United Kingdom
104,Matthew,Cole,MatthewDCole@rhyta.com,ES,Spain
105,Steve,Fry,SteveNFry@superrito.com,GB,United Kingdom
106,John,Starcher,JohnHStarcher@einrot.com,GB,United Kingdom
107,Maria,Jones,MariaJJones@rhyta.com,ES,Spain
108,Wilson,Arevalo,WilsonGArevalo@rhyta.com,CA,Canada
109,Anna,Turner,AnnaJTurner@einrot.com,US,United States
110,Janet,Cunningham,JanetRCunningham@gustr.com,US,United States
111,Ruben,Haines,RubenDHaines@einrot.com,US,United States
112,Rosemary,Magallanes,RosemarySMagallanes@einrot.com,CA,Canada
113,Mary,Bartlett,MaryDBartlett@teleworm.us,GB,United Kingdom
114,Emily,Marshall,EmilyRMarshall@einrot.com,CA,Canada
115,Linda,Bryan,LindaOBryan@gustr.com,ES,Spain
116,Harold,Derry,HaroldRDerry@cuvox.de,GB,United Kingdom
117,Maria,Brown,MariaPBrown@einrot.com,ES,Spain
118,Harrison,Beattie,HarrisonJBeattie@dayrep.com,CA,Canada
119,Margaret,Rakes,MargaretJRakes@gustr.com,CA,Canada
120,Ryan,Howze,RyanCHowze@einrot.com,US,United States
121,Susan,Dennis,SusanMDennis@fleckens.hu,ES,Spain
122,Robert,Sims,RobertBSims@armyspy.com,US,United States
123,James,Cutright,JamesLCutright@teleworm.us,CA,Canada
124,Stephen,Villegas,StephenPVillegas@einrot.com,CA,Canada
125,Kara,Webster,KaraCWebster@teleworm.us,US,United States
126,Marcie,Christensen,MarcieDChristensen@armyspy.com,GB,United Kingdom
127,Vincent,McKinney,VincentMMcKinney@dayrep.com,US,United States
128,Susan,McComas,SusanDMcComas@jourrapide.com,GB,United Kingdom
129,Steven,Liptak,StevenCLiptak@teleworm.us,CA,Canada
130,Rosie,Newell,RosiePNewell@armyspy.com,ES,Spain
131,Christian,Kissee,ChristianMKissee@fleckens.hu,GB,United Kingdom
132,Paul,Allen,PaulGAllen@dayrep.com,GB,United Kingdom
133,Felicia,Howell,FeliciaGHowell@teleworm.us,CA,Canada
134,Glenn,Matlock,GlennTMatlock@cuvox.de,GB,United Kingdom
135,Joseph,Sanchez,JosephMSanchez@armyspy.com,ES,Spain
136,Reda,Miller,RedaAMiller@armyspy.com,GB,United Kingdom
137,Darnell,Kim,DarnellPKim@cuvox.de,CA,Canada
138,Elwood,Corbin,ElwoodFCorbin@cuvox.de,GB,United Kingdom
139,Kacy,Binkley,KacyTBinkley@rhyta.com,CA,Canada
140,Gerardo,Hiett,GerardoMHiett@fleckens.hu,CA,Canada
141,Andrew,Keister,AndrewLKeister@rhyta.com,GB,United Kingdom
142,Ruth,Kimbrell,RuthTKimbrell@fleckens.hu,GB,United Kingdom
143,Cassie,Mills,CassieGMills@superrito.com,ES,Spain
144,Shari,Wickham,ShariJWickham@armyspy.com,ES,Spain
145,Daniel,Nakano,DanielTNakano@dayrep.com,CA,Canada
146,Stanley,Miranda,StanleyDMiranda@einrot.com,GB,United Kingdom
147,Thomas,Jones,ThomasSJones@jourrapide.com,US,United States
148,John,White,JohnAWhite@armyspy.com,CA,Canada
149,Margarita,Thompson,MargaritaRThompson@superrito.com,GB,United Kingdom
150,Thomas,Rogers,ThomasLRogers@fleckens.hu,US,United States
151,Eileen,Seymour,EileenJSeymour@rhyta.com,ES,Spain
152,Allen,Kennedy,AllenAKennedy@dayrep.com,US,United States
153,Lucy,Coons,LucyNCoons@fleckens.hu,CA,Canada
154,Wanda,Kimble,WandaCKimble@cuvox.de,US,United States
155,Benjamin,Wheeler,BenjaminSWheeler@jourrapide.com,ES,Spain
156,Carol,Dixon,CarolMDixon@dayrep.com,GB,United Kingdom
157,Raul,Lacher,RaulCLacher@armyspy.com,GB,United Kingdom
158,Damian,Waller,DamianMWaller@fleckens.hu,CA,Canada
159,Maria,Rodriguez,MariaRRodriguez@teleworm.us,ES,Spain
160,Shari,Audet,ShariOAudet@fleckens.hu,GB,United Kingdom
161,Anastasia,Oneal,AnastasiaROneal@cuvox.de,CA,Canada
162,Eleanor,Hicks,EleanorFHicks@cuvox.de,US,United States
163,Mike,Aragon,MikeLAragon@cuvox.de,ES,Spain
164,Lorna,Gillespie,LornaCGillespie@rhyta.com,GB,United Kingdom
165,Richard,Steffen,RichardSSteffen@superrito.com,GB,United Kingdom
166,Keith,Devault,KeithGDevault@einrot.com,US,United States
167,Chelsea,Obrien,ChelseaDObrien@rhyta.com,GB,United Kingdom
168,Gary,West,GaryPWest@cuvox.de,US,United States
169,Frank,Bell,FrankDBell@armyspy.com,CA,Canada
170,Amalia,Lamar,AmaliaELamar@jourrapide.com,ES,Spain
171,Willie,Line,WillieDLine@cuvox.de,GB,United Kingdom
172,Ronald,Lore,RonaldJLore@jourrapide.com,US,United States
173,Treena,Owens,TreenaDOwens@jourrapide.com,CA,Canada
174,Laurence,Thrift,LaurenceVThrift@fleckens.hu,GB,United Kingdom
175,Roxanne,Scott,RoxanneRScott@jourrapide.com,ES,Spain
176,Betty,Brooks,BettyPBrooks@cuvox.de,US,United States
177,Ryan,Stewart,RyanOStewart@cuvox.de,US,United States
178,Anne,Sotelo,AnneWSotelo@rhyta.com,CA,Canada
179,Benjamin,Amon,BenjaminNAmon@jourrapide.com,ES,Spain
180,Felix,Cox,FelixNCox@cuvox.de,ES,Spain
181,Patricia,Valez,PatriciaGValez@einrot.com,ES,Spain
182,Laurence,Shoemaker,LaurenceSShoemaker@armyspy.com,US,United States
183,Michael,Russ,MichaelCRuss@dayrep.com,US,United States
184,Eddie,Perry,EddieJPerry@jourrapide.com,ES,Spain
185,Wallace,Stout,WallacePStout@armyspy.com,US,United States
186,James,Ryan,JamesBRyan@superrito.com,ES,Spain
187,Wilhelmina,Kirkpatrick,WilhelminaMKirkpatrick@armyspy.com,ES,Spain
188,Jeffrey,Santiago,JeffreyISantiago@rhyta.com,CA,Canada
189,Ruth,Johnson,RuthLJohnson@einrot.com,ES,Spain
190,Ora,Moses,OraTMoses@superrito.com,ES,Spain
191,Amanda,Slattery,AmandaGSlattery@teleworm.us,GB,United Kingdom
192,Shannon,Sprague,ShannonWSprague@cuvox.de,US,United States
193,Henry,Shore,HenryDShore@cuvox.de,ES,Spain
194,Stephen,Robbins,StephenLRobbins@rhyta.com,US,United States
195,Tom,Urban,TomMUrban@einrot.com,ES,Spain
196,Gordon,Russell,GordonJRussell@cuvox.de,CA,Canada
197,Walter,Rodriquez,WalterCRodriquez@superrito.com,ES,Spain
198,Laura,Cable,LauraGCable@rhyta.com,ES,Spain
199,Mabel,Taylor,MabelWTaylor@teleworm.us,US,United States
200,Marjory,Robertson,MarjoryWRobertson@rhyta.com,ES,Spain
201,Vincent,Brotherton,VincentDBrotherton@fleckens.hu,CA,Canada
202,Bradley,Sanders,BradleyMSanders@cuvox.de,CA,Canada
203,Joanna,Daniels,JoannaRDaniels@cuvox.de,ES,Spain
204,Rita,Sealy,RitaJSealy@dayrep.com,CA,Canada
205,Earl,Bradley,EarlLBradley@gustr.com,CA,Canada
206,Felipe,Stauffer,FelipeAStauffer@dayrep.com,US,United States
207,Larry,McCormick,LarryMMcCormick@jourrapide.com,ES,Spain
208,Richard,Amaral,RichardFAmaral@fleckens.hu,GB,United Kingdom
209,Tiffany,Davidson,TiffanyPDavidson@dayrep.com,ES,Spain
210,Jamie,Mathison,JamieJMathison@rhyta.com,ES,Spain
211,Arnold,Dunnigan,ArnoldMDunnigan@einrot.com,GB,United Kingdom
212,Jay,Poythress,JayKPoythress@cuvox.de,GB,United Kingdom
213,Barbara,Cochran,BarbaraDCochran@dayrep.com,CA,Canada
214,Michael,Burton,MichaelKBurton@gustr.com,US,United States
215,Jose,Carlton,JoseLCarlton@fleckens.hu,US,United States
216,Ada,Sullivan,AdaLSullivan@einrot.com,ES,Spain
217,Edward,Kindred,EdwardJKindred@superrito.com,GB,United Kingdom
218,Elizabeth,Paine,ElizabethJPaine@superrito.com,ES,Spain
219,Robert,Freer,RobertHFreer@superrito.com,US,United States
220,Cassandra,Knopp,CassandraAKnopp@gustr.com,ES,Spain
221,John,Mullins,JohnMMullins@rhyta.com,US,United States
222,Adam,Benford,AdamMBenford@armyspy.com,US,United States
223,Patrick,Walters,PatrickSWalters@einrot.com,US,United States
224,Jennifer,Morris,JenniferRMorris@fleckens.hu,US,United States
225,Christine,Ryan,ChristineTRyan@gustr.com,ES,Spain
226,Deborah,Johnson,DeborahJJohnson@cuvox.de,US,United States
227,Linda,Chambers,LindaAChambers@einrot.com,US,United States
228,Robert,Aranda,RobertIAranda@cuvox.de,GB,United Kingdom
229,Malcolm,Anderson,MalcolmJAnderson@superrito.com,CA,Canada
230,Lisa,Nicholes,LisaGNicholes@dayrep.com,US,United States
231,Evelyn,Davis,EvelynSDavis@gustr.com,CA,Canada
232,Mario,Lewis,MarioJLewis@jourrapide.com,CA,Canada
233,Deborah,White,DeborahJWhite@cuvox.de,US,United States
234,Bernard,Murray,BernardMMurray@dayrep.com,CA,Canada
235,Tony,Johnson,TonyMJohnson@einrot.com,ES,Spain
236,Damian,Hawke,DamianDHawke@gustr.com,CA,Canada
237,Burton,Melendez,BurtonEMelendez@fleckens.hu,CA,Canada
238,Timothy,Martin,TimothySMartin@einrot.com,CA,Canada
239,Bobbi,Prosser,BobbiCProsser@einrot.com,US,United States
240,Tonya,Thompson,TonyaWThompson@dayrep.com,CA,Canada
241,Gerald,Brown,GeraldEBrown@dayrep.com,ES,Spain
242,Ha,Maye,HaDMaye@dayrep.com,CA,Canada
243,Barbara,Johnson,BarbaraWJohnson@superrito.com,US,United States
244,Edna,Gilmore,EdnaWGilmore@gustr.com,CA,Canada
245,Robert,Holmes,RobertCHolmes@rhyta.com,GB,United Kingdom
246,Lori,Edwards,LoriFEdwards@rhyta.com,CA,Canada
247,Clyde,Hilton,ClydeEHilton@teleworm.us,GB,United Kingdom
248,Kelly,Phillips,KellyFPhillips@jourrapide.com,ES,Spain
249,Cinthia,Weiss,CinthiaBWeiss@fleckens.hu,GB,United Kingdom
250,Keith,Adams,KeithRAdams@jourrapide.com,CA,Canada
251,Jim,Floyd,JimPFloyd@gustr.com,ES,Spain
252,Dara,Brown,DaraSBrown@fleckens.hu,GB,United Kingdom
253,Angel,Hottinger,AngelCHottinger@einrot.com,GB,United Kingdom
254,Karen,Decosta,KarenJDecosta@gustr.com,ES,Spain
255,Larry,White,LarryJWhite@fleckens.hu,ES,Spain
256,James,Berry,JamesTBerry@dayrep.com,US,United States
257,Michael,Vavra,MichaelMVavra@jourrapide.com,GB,United Kingdom
258,Jo,Bender,JoPBender@dayrep.com,CA,Canada
259,Gerald,Hurley,GeraldSHurley@gustr.com,GB,United Kingdom
260,Todd,Delaney,ToddMDelaney@teleworm.us,ES,Spain
261,Fritz,Sullivan,FritzRSullivan@jourrapide.com,CA,Canada
262,Meredith,Hartnett,MeredithPHartnett@einrot.com,US,United States
263,Armand,Ruby,ArmandMRuby@cuvox.de,CA,Canada
264,Joyce,Zink,JoyceKZink@dayrep.com,GB,United Kingdom
265,Karen,Wilburn,KarenDWilburn@einrot.com,CA,Canada
266,Brenda,Hinton,BrendaNHinton@cuvox.de,GB,United Kingdom
267,Joseph,Cline,JosephECline@jourrapide.com,US,United States
268,George,Caskey,GeorgeVCaskey@gustr.com,CA,Canada
269,James,Whitesel,JamesMWhitesel@jourrapide.com,ES,Spain
270,Stanley,Cook,StanleyJCook@cuvox.de,GB,United Kingdom
271,Mary,Corbett,MaryNCorbett@gustr.com,ES,Spain
272,Amy,Hux,AmyLHux@dayrep.com,US,United States
273,Tamika,Sparks,TamikaFSparks@superrito.com,US,United States
274,James,Morris,JamesSMorris@cuvox.de,GB,United Kingdom
275,James,Heppner,JamesTHeppner@superrito.com,CA,Canada
276,Helen,Campbell,HelenRCampbell@jourrapide.com,US,United States
277,Rosalia,Tucker,RosaliaRTucker@cuvox.de,ES,Spain
278,Fred,Miller,FredSMiller@armyspy.com,GB,United Kingdom
279,Julie,Smith,JulieBSmith@armyspy.com,US,United States
280,Margarita,Bennett,MargaritaWBennett@gustr.com,ES,Spain
281,Michael,Williamson,MichaelIWilliamson@fleckens.hu,CA,Canada
282,Cleo,Hall,CleoGHall@dayrep.com,GB,United Kingdom
283,Mabel,Smith,MabelRSmith@fleckens.hu,US,United States
284,Tamara,May,TamaraRMay@teleworm.us,ES,Spain
285,Clarence,Thrift,ClarenceMThrift@armyspy.com,GB,United Kingdom
286,Patricia,Hudson,PatriciaBHudson@armyspy.com,GB,United Kingdom
287,Eric,Boisvert,EricCBoisvert@dayrep.com,CA,Canada
288,Molly,Stewart,MollyDStewart@teleworm.us,CA,Canada
289,Harry,Neal,HarryHNeal@rhyta.com,US,United States
290,Ida,Conner,IdaDConner@jourrapide.com,GB,United Kingdom
291,Jean,Johnston,JeanMJohnston@dayrep.com,ES,Spain
292,Ricky,Hanson,RickyAHanson@cuvox.de,GB,United Kingdom
293,Joan,Coleman,JoanJColeman@teleworm.us,US,United States
294,Jon,Robbins,JonJRobbins@armyspy.com,ES,Spain
295,William,Fletcher,WilliamSFletcher@dayrep.com,GB,United Kingdom
296,John,Smith,JohnJSmith@cuvox.de,GB,United Kingdom
297,Abraham,Ramos,AbrahamERamos@teleworm.us,GB,United Kingdom
298,Sandra,Cearley,SandraLCearley@superrito.com,US,United States
299,Toni,Rice,ToniRRice@armyspy.com,GB,United Kingdom
300,Tami,Johnson,TamiLJohnson@jourrapide.com,US,United States
301,Richard,Chaves,RichardEChaves@dayrep.com,ES,Spain
302,Darlene,Wood,DarleneWWood@armyspy.com,CA,Canada
303,Richard,Vivian,RichardAVivian@gustr.com,CA,Canada
304,Joshua,Hatch,JoshuaBHatch@gustr.com,ES,Spain
305,John,Savage,JohnGSavage@armyspy.com,US,United States
306,Elaine,Daniels,ElaineMDaniels@armyspy.com,CA,Canada
307,Doris,Ortiz,DorisTOrtiz@armyspy.com,CA,Canada
308,Paul,Roberts,PaulWRoberts@fleckens.hu,US,United States
309,Mark,Mason,MarkJMason@fleckens.hu,CA,Canada
310,Peggy,Johnson,PeggyJJohnson@einrot.com,GB,United Kingdom
311,Brock,West,BrockBWest@cuvox.de,GB,United Kingdom
312,Ernest,Long,ErnestJLong@jourrapide.com,ES,Spain
313,Rita,Morris,RitaCMorris@cuvox.de,CA,Canada
314,Mary,Bivona,MaryBBivona@fleckens.hu,ES,Spain
315,Cory,Ruiz,CoryFRuiz@dayrep.com,US,United States
316,James,Fowler,JamesRFowler@einrot.com,US,United States
317,Bernard,Crosby,BernardECrosby@teleworm.us,GB,United Kingdom
318,Jeremy,Holland,JeremyMHolland@fleckens.hu,ES,Spain
319,Michelle,Goff,MichelleCGoff@gustr.com,US,United States
320,David,Wojciechowski,DavidEWojciechowski@fleckens.hu,US,United States
321,Tiffany,Hayes,TiffanyMHayes@gustr.com,GB,United Kingdom
322,Wilson,Kenney,WilsonBKenney@teleworm.us,GB,United Kingdom
323,Michael,Arneson,MichaelJArneson@dayrep.com,US,United States
324,John,Dewitt,JohnKDewitt@teleworm.us,CA,Canada
325,Diane,Clark,DianeRClark@jourrapide.com,ES,Spain
326,Alice,Reese,AliceOReese@superrito.com,ES,Spain
327,Donald,Reed,DonaldNReed@superrito.com,CA,Canada
328,Mika,Poitras,MikaRPoitras@rhyta.com,GB,United Kingdom
329,Charles,Robinson,CharlesVRobinson@teleworm.us,US,United States
330,James,Hallmark,JamesBHallmark@rhyta.com,CA,Canada
331,Valerie,Starr,ValerieKStarr@armyspy.com,GB,United Kingdom
332,Leah,Cervantes,LeahJCervantes@armyspy.com,ES,Spain
333,John,Ferguson,JohnCFerguson@fleckens.hu,US,United States
334,Gilberto,Miller,GilbertoJMiller@jourrapide.com,GB,United Kingdom
335,Becky,Montejano,BeckyMMontejano@armyspy.com,ES,Spain
336,Arturo,Holbrook,ArturoJHolbrook@einrot.com,CA,Canada
337,Sara,Medeiros,SaraAMedeiros@jourrapide.com,US,United States
338,Matthew,Doering,MatthewADoering@rhyta.com,GB,United Kingdom
339,Elizabeth,Lafleur,ElizabethELafleur@armyspy.com,CA,Canada
340,Cyndi,Epstein,CyndiCEpstein@teleworm.us,US,United States
341,Ralph,Knapp,RalphTKnapp@dayrep.com,ES,Spain
342,Adolfo,Ford,AdolfoKFord@gustr.com,ES,Spain
343,Perry,Campbell,PerryACampbell@jourrapide.com,ES,Spain
344,Angela,Thompson,AngelaDThompson@dayrep.com,ES,Spain
345,Darren,Potter,DarrenSPotter@rhyta.com,US,United States
346,Gilbert,Keith,GilbertNKeith@einrot.com,ES,Spain
347,David,Slaven,DavidLSlaven@fleckens.hu,ES,Spain
348,Susan,McCaffrey,SusanMMcCaffrey@dayrep.com,ES,Spain
349,Jonathan,Zaragoza,JonathanKZaragoza@rhyta.com,CA,Canada
350,Jessica,Armstrong,JessicaTArmstrong@jourrapide.com,CA,Canada
351,Jerry,Walker,JerryJWalker@gustr.com,GB,United Kingdom
352,Marcus,Lebaron,MarcusWLebaron@teleworm.us,CA,Canada
353,Susan,McGlynn,SusanMMcGlynn@fleckens.hu,US,United States
354,Diane,Turner,DianeRTurner@gustr.com,US,United States
355,Hilario,Adams,HilarioKAdams@teleworm.us,ES,Spain
356,Donald,Castro,DonaldLCastro@teleworm.us,CA,Canada
357,Judith,Sargent,JudithPSargent@fleckens.hu,GB,United Kingdom
358,Ernie,Gray,ErnieBGray@jourrapide.com,CA,Canada
359,Anne,Simms,AnneRSimms@armyspy.com,ES,Spain
360,Steven,Canizales,StevenJCanizales@cuvox.de,ES,Spain
361,Bridget,Truax,BridgetSTruax@einrot.com,ES,Spain
362,Kasey,Lopez,KaseyDLopez@jourrapide.com,GB,United Kingdom
363,Luz,Halbert,LuzSHalbert@einrot.com,CA,Canada
364,Jerry,Richardson,JerryWRichardson@cuvox.de,CA,Canada
365,Stephen,Rose,StephenCRose@cuvox.de,US,United States
366,Consuelo,Robinson,ConsueloCRobinson@superrito.com,ES,Spain
367,Bernard,Alexander,BernardGAlexander@armyspy.com,CA,Canada
368,Debra,Gama,DebraEGama@teleworm.us,ES,Spain
369,Joseph,Franks,JosephLFranks@armyspy.com,US,United States
370,Lauren,Allen,LaurenKAllen@rhyta.com,US,United States
371,Frances,Struble,FrancesJStruble@gustr.com,GB,United Kingdom
372,Jeanie,Marino,JeanieJMarino@cuvox.de,US,United States
373,Delores,Deleon,DeloresBDeleon@cuvox.de,ES,Spain
374,James,Anderson,JamesGAnderson@cuvox.de,US,United States
375,William,Wilkerson,WilliamAWilkerson@superrito.com,ES,Spain
376,William,Barrett,WilliamLBarrett@superrito.com,ES,Spain
377,Donald,Dubose,DonaldPDubose@einrot.com,US,United States
378,Kimi,Amaya,KimiKAmaya@gustr.com,ES,Spain
379,Wendy,Kwong,WendyJKwong@gustr.com,US,United States
380,Juan,Jones,JuanEJones@einrot.com,CA,Canada
381,Ella,Pisano,EllaSPisano@jourrapide.com,GB,United Kingdom
382,Douglas,Watson,DouglasRWatson@gustr.com,ES,Spain
383,Greg,Curtis,GregBCurtis@fleckens.hu,GB,United Kingdom
384,Terrance,Whitted,TerranceKWhitted@armyspy.com,CA,Canada
385,William,Worley,WilliamPWorley@rhyta.com,ES,Spain
386,John,Smith,JohnCSmith@gustr.com,GB,United Kingdom
387,Patsy,Barfield,PatsyRBarfield@armyspy.com,CA,Canada
388,Larry,Washington,LarryDWashington@rhyta.com,GB,United Kingdom
389,Edwin,Crandall,EdwinGCrandall@dayrep.com,CA,Canada
390,Maurice,Colon,MauriceSColon@gustr.com,CA,Canada
391,Michael,Scott,MichaelMScott@dayrep.com,GB,United Kingdom
392,Jamie,Masters,JamieCMasters@einrot.com,US,United States
393,Michelle,Allen,MichelleRAllen@dayrep.com,US,United States
394,Gary,Cleveland,GaryMCleveland@rhyta.com,GB,United Kingdom
395,Darrin,Merrill,DarrinKMerrill@rhyta.com,ES,Spain
396,Greg,Walsh,GregDWalsh@armyspy.com,GB,United Kingdom
397,Sharon,Jones,SharonKJones@gustr.com,GB,United Kingdom
398,Kevin,Reyes,KevinSReyes@fleckens.hu,CA,Canada
399,Brenda,Cruz,BrendaCCruz@teleworm.us,US,United States
400,Matthew,Genest,MatthewLGenest@teleworm.us,US,United States
401,Donald,Katz,DonaldKKatz@teleworm.us,ES,Spain
402,Catherine,Espinoza,CatherineJEspinoza@cuvox.de,GB,United Kingdom
403,Floyd,McCallum,FloydAMcCallum@rhyta.com,US,United States
404,Jeff,Moss,JeffCMoss@gustr.com,ES,Spain
405,Harold,Taylor,HaroldMTaylor@gustr.com,CA,Canada
406,Jack,Williams,JackSWilliams@jourrapide.com,GB,United Kingdom
407,John,Arnold,JohnCArnold@armyspy.com,ES,Spain
408,Bobbie,Hart,BobbieMHart@cuvox.de,US,United States
409,Robin,Jones,RobinRJones@jourrapide.com,ES,Spain
410,Jessica,Davy,JessicaTDavy@gustr.com,ES,Spain
411,Shelly,Wynn,ShellyJWynn@fleckens.hu,GB,United Kingdom
412,Whitney,Dangerfield,WhitneyGDangerfield@dayrep.com,ES,Spain
413,Jesse,Shelton,JessePShelton@gustr.com,CA,Canada
414,Paul,Gore,PaulBGore@rhyta.com,CA,Canada
415,Allen,Hickman,AllenKHickman@rhyta.com,CA,Canada
416,Brian,Flores,BrianAFlores@dayrep.com,GB,United Kingdom
417,Joshua,Jones,JoshuaKJones@superrito.com,CA,Canada
418,Susan,Britt,SusanCBritt@cuvox.de,US,United States
419,Mary,Rose,MaryDRose@armyspy.com,GB,United Kingdom
420,Carol,Fogg,CarolGFogg@rhyta.com,CA,Canada
421,Monique,Miller,MoniqueCMiller@dayrep.com,US,United States
422,Laura,Boger,LauraJBoger@cuvox.de,GB,United Kingdom
423,Lorraine,Shepard,LorraineIShepard@gustr.com,CA,Canada
424,Mary,King,MaryRKing@superrito.com,CA,Canada
425,Harvey,Downey,HarveyJDowney@rhyta.com,CA,Canada
426,Kara,Battle,KaraWBattle@gustr.com,ES,Spain
427,Jeanelle,Tillotson,JeanelleATillotson@rhyta.com,US,United States
428,Julia,Webb,JuliaJWebb@dayrep.com,GB,United Kingdom
429,David,Norris,DavidCNorris@jourrapide.com,GB,United Kingdom
430,Emily,Vaughn,EmilyJVaughn@rhyta.com,ES,Spain
431,Joyce,West,JoyceTWest@armyspy.com,GB,United Kingdom
432,Michael,Baker,MichaelGBaker@einrot.com,GB,United Kingdom
433,Dan,Turner,DanBTurner@einrot.com,US,United States
434,Cynthia,Mathison,CynthiaWMathison@teleworm.us,ES,Spain
435,Stephen,Sheckler,StephenJSheckler@fleckens.hu,GB,United Kingdom
436,Stephen,Pike,StephenLPike@cuvox.de,US,United States
437,Randy,Simpson,RandyVSimpson@superrito.com,ES,Spain
438,Brooke,Wallace,BrookeJWallace@fleckens.hu,ES,Spain
439,Donald,Fajardo,DonaldEFajardo@jourrapide.com,ES,Spain
440,Vernon,Smith,VernonMSmith@cuvox.de,ES,Spain
441,Nick,Snider,NickMSnider@dayrep.com,ES,Spain
442,Janice,Streeter,JaniceKStreeter@armyspy.com,CA,Canada
443,Nicholas,Flores,NicholasLFlores@teleworm.us,GB,United Kingdom
444,Michael,Collins,MichaelMCollins@jourrapide.com,ES,Spain
445,William,Nobles,WilliamNNobles@dayrep.com,ES,Spain
446,Juan,Guerra,JuanMGuerra@jourrapide.com,US,United States
447,Wilbur,Mayfield,WilburCMayfield@cuvox.de,ES,Spain
448,Norman,Ramirez,NormanMRamirez@cuvox.de,US,United States
449,Jolene,Dodge,JoleneRDodge@jourrapide.com,GB,United Kingdom
450,Virgil,Bradford,VirgilMBradford@superrito.com,ES,Spain
451,Mary,Noriega,MaryRNoriega@einrot.com,US,United States
452,Joseph,Marsden,JosephNMarsden@fleckens.hu,ES,Spain
453,Nicole,Donegan,NicoleEDonegan@cuvox.de,GB,United Kingdom
454,Louie,Valasquez,LouieJValasquez@rhyta.com,US,United States
455,Matthew,Asuncion,MatthewJAsuncion@cuvox.de,GB,United Kingdom
456,Gregory,Saunders,GregoryKSaunders@cuvox.de,CA,Canada
457,Danny,Lopez,DannyLLopez@jourrapide.com,GB,United Kingdom
458,Edward,Keller,EdwardAKeller@gustr.com,ES,Spain
459,Raymond,Clement,RaymondEClement@dayrep.com,GB,United Kingdom
460,Esther,Epps,EstherHEpps@rhyta.com,US,United States
461,Isabel,Benoit,IsabelMBenoit@cuvox.de,CA,Canada
462,Mildred,Hayes,MildredDHayes@einrot.com,ES,Spain
463,Frank,Howell,FrankPHowell@einrot.com,CA,Canada
464,Arlen,Garrett,ArlenTGarrett@teleworm.us,GB,United Kingdom
465,Eric,Meek,EricTMeek@dayrep.com,ES,Spain
466,Melissa,Webb,MelissaHWebb@superrito.com,CA,Canada
467,Carlos,Byars,CarlosDByars@dayrep.com,CA,Canada
468,Inez,Louie,InezFLouie@jourrapide.com,US,United States
469,Nikita,Dunagan,NikitaRDunagan@dayrep.com,CA,Canada
470,Nathaniel,Whitney,NathanielNWhitney@fleckens.hu,US,United States
471,Roy,Ross,RoyDRoss@teleworm.us,US,United States
472,Gladys,Moran,GladysKMoran@jourrapide.com,ES,Spain
473,William,Mitcham,WilliamCMitcham@jourrapide.com,CA,Canada
474,Allen,Gillespie,AllenLGillespie@cuvox.de,CA,Canada
475,Gerald,Guice,GeraldIGuice@cuvox.de,CA,Canada
476,Harry,Hancock,HarryCHancock@cuvox.de,GB,United Kingdom
477,Crystal,Do,CrystalKDo@rhyta.com,US,United States
478,Christine,Rupert,ChristineLRupert@jourrapide.com,ES,Spain
479,Mildred,Weber,MildredJWeber@rhyta.com,CA,Canada
480,Vicki,Oviedo,VickiPOviedo@superrito.com,GB,United Kingdom
481,Nancy,Taylor,NancyRTaylor@jourrapide.com,CA,Canada
482,Michael,Guerra,MichaelYGuerra@armyspy.com,CA,Canada
483,Charles,Benjamin,CharlesIBenjamin@fleckens.hu,US,United States
484,Tiffany,Smith,TiffanyRSmith@einrot.com,ES,Spain
485,Dean,Barner,DeanDBarner@jourrapide.com,US,United States
486,Matthew,Fresquez,MatthewCFresquez@gustr.com,CA,Canada
487,Erlinda,Stanley,ErlindaJStanley@rhyta.com,CA,Canada
488,Michael,Cunningham,MichaelDCunningham@jourrapide.com,US,United States
489,Tamara,Proulx,TamaraTProulx@rhyta.com,ES,Spain
490,Jesse,Ledesma,JesseJLedesma@fleckens.hu,CA,Canada
491,Charlotte,Lark,CharlotteRLark@cuvox.de,ES,Spain
492,Eliseo,Tart,EliseoJTart@armyspy.com,CA,Canada
493,Michael,Lawrence,MichaelCLawrence@superrito.com,ES,Spain
494,Vivian,Utt,VivianVUtt@armyspy.com,CA,Canada
495,Michael,Barela,MichaelEBarela@cuvox.de,US,United States
496,John,Byrne,JohnTByrne@teleworm.us,US,United States
497,Jonathan,Decarlo,JonathanCDecarlo@superrito.com,CA,Canada
498,Eddie,Harrison,EddieBHarrison@jourrapide.com,GB,United Kingdom
499,Shirley,Thomason,ShirleyBThomason@jourrapide.com,US,United States
500,Lance,Alexander,LanceKAlexander@dayrep.com,US,United States
501,Connie,Ethier,ConnieMEthier@armyspy.com,GB,United Kingdom
502,Roger,Quill,RogerKQuill@jourrapide.com,CA,Canada
503,James,Williams,JamesAWilliams@superrito.com,CA,Canada
504,Chris,Milone,ChrisRMilone@einrot.com,CA,Canada
505,Steven,Montes,StevenMMontes@dayrep.com,ES,Spain
506,Anne,Hurtado,AnneAHurtado@teleworm.us,GB,United Kingdom
507,Barbara,Cochran,BarbaraFCochran@superrito.com,US,United States
508,Edwin,Anderson,EdwinAAnderson@jourrapide.com,US,United States
509,Dennis,Walker,DennisSWalker@fleckens.hu,GB,United Kingdom
510,Jessica,Macintyre,JessicaEMacintyre@cuvox.de,US,United States
511,Lindsay,Harrison,LindsayDHarrison@superrito.com,US,United States
512,Renaldo,Falzone,RenaldoKFalzone@dayrep.com,ES,Spain
513,Larry,Harrison,LarryCHarrison@fleckens.hu,US,United States
514,Alexander,Addy,AlexanderJAddy@rhyta.com,ES,Spain
515,William,Rodriguez,WilliamDRodriguez@teleworm.us,US,United States
516,Brian,Rivera,BrianDRivera@fleckens.hu,GB,United Kingdom
517,Virgilio,Babin,VirgilioLBabin@fleckens.hu,CA,Canada
518,Traci,Aguilar,TraciRAguilar@cuvox.de,CA,Canada
519,Sandra,Davis,SandraMDavis@jourrapide.com,US,United States
520,Armando,Hunt,ArmandoJHunt@teleworm.us,US,United States
521,Jessica,Wei,JessicaTWei@einrot.com,GB,United Kingdom
522,Elizabeth,Fang,ElizabethEFang@fleckens.hu,US,United States
523,Doris,Steinberg,DorisJSteinberg@rhyta.com,ES,Spain
524,Javier,McDonald,JavierAMcDonald@fleckens.hu,GB,United Kingdom
525,William,McClelland,WilliamLMcClelland@teleworm.us,US,United States
526,Lori,Jasinski,LoriFJasinski@fleckens.hu,ES,Spain
527,Keith,Dawson,KeithLDawson@einrot.com,US,United States
528,Juana,Ramirez,JuanaRRamirez@dayrep.com,US,United States
529,Emily,Thomas,EmilyJThomas@cuvox.de,ES,Spain
530,Reginald,Chenoweth,ReginaldPChenoweth@gustr.com,US,United States
531,Allen,Ortiz,AllenROrtiz@gustr.com,US,United States
532,Marion,Allen,MarionEAllen@rhyta.com,CA,Canada
533,Carolyn,Schulz,CarolynSSchulz@jourrapide.com,US,United States
534,Ruth,Mattern,RuthRMattern@superrito.com,ES,Spain
535,Renee,Nolen,ReneeANolen@rhyta.com,CA,Canada
536,William,White,WilliamBWhite@gustr.com,CA,Canada
537,Mary,Hunter,MaryMHunter@einrot.com,US,United States
538,Benjamin,Carroll,BenjaminLCarroll@gustr.com,CA,Canada
539,Jared,Brown,JaredMBrown@einrot.com,US,United States
540,Jimmy,Wood,JimmyCWood@cuvox.de,GB,United Kingdom
541,Danielle,Myers,DanielleAMyers@dayrep.com,GB,United Kingdom
542,Christian,Campbell,ChristianJCampbell@einrot.com,GB,United Kingdom
543,Betty,Anderson,BettySAnderson@superrito.com,CA,Canada
544,Harold,Hart,HaroldKHart@rhyta.com,ES,Spain
545,Beatrice,Barcomb,BeatriceGBarcomb@jourrapide.com,GB,United Kingdom
546,Marina,Hallberg,MarinaAHallberg@teleworm.us,ES,Spain
547,Lillie,Dixon,LillieRDixon@rhyta.com,ES,Spain
548,James,King,JamesSKing@superrito.com,US,United States
549,Lamar,Tillery,LamarJTillery@fleckens.hu,US,United States
550,Deshawn,Smithson,DeshawnCSmithson@cuvox.de,GB,United Kingdom
551,Ann,Sanderson,AnnRSanderson@teleworm.us,ES,Spain
552,Gina,Rosenberg,GinaRRosenberg@einrot.com,ES,Spain
553,David,McCurdy,DavidCMcCurdy@einrot.com,US,United States
554,Randolph,Arnold,RandolphLArnold@einrot.com,GB,United Kingdom
555,Raymond,Ary,RaymondCAry@superrito.com,GB,United Kingdom
556,Philip,Rodriguez,PhilipDRodriguez@teleworm.us,CA,Canada
557,Gilda,Stclair,GildaMStclair@fleckens.hu,US,United States
558,Leon,Simpson,LeonGSimpson@gustr.com,CA,Canada
559,Heidi,Games,HeidiMGames@rhyta.com,GB,United Kingdom
560,Lana,White,LanaFWhite@einrot.com,US,United States
561,George,Raines,GeorgeGRaines@gustr.com,US,United States
562,Jennifer,Claflin,JenniferGClaflin@superrito.com,GB,United Kingdom
563,Marvin,Berry,MarvinBBerry@cuvox.de,ES,Spain
564,Carlos,Squires,CarlosJSquires@rhyta.com,CA,Canada
565,Donald,Wheeler,DonaldLWheeler@cuvox.de,US,United States
566,James,Arruda,JamesJArruda@gustr.com,ES,Spain
567,Rosella,Cuevas,RosellaDCuevas@rhyta.com,US,United States
568,Deborah,Rodriguez,DeborahRRodriguez@gustr.com,ES,Spain
569,Lakisha,Boeding,LakishaRBoeding@jourrapide.com,CA,Canada
570,Steven,Deans,StevenSDeans@einrot.com,ES,Spain
571,Marian,Lawson,MarianCLawson@armyspy.com,GB,United Kingdom
572,Cedric,Richardson,CedricARichardson@dayrep.com,GB,United Kingdom
573,Linda,Wagner,LindaRWagner@teleworm.us,ES,Spain
574,Michael,Kash,MichaelWKash@cuvox.de,US,United States
575,Jonathan,Sexton,JonathanLSexton@gustr.com,ES,Spain
576,Douglas,Juarez,DouglasJJuarez@teleworm.us,ES,Spain
577,Rachel,Linton,RachelJLinton@superrito.com,GB,United Kingdom
578,Stuart,Simms,StuartDSimms@gustr.com,GB,United Kingdom
579,Ronnie,Murphy,RonnieKMurphy@fleckens.hu,US,United States
580,Nancy,Lau,NancyILau@cuvox.de,US,United States
581,Laura,Ruel,LauraJRuel@gustr.com,ES,Spain
582,Robert,Stewart,RobertCStewart@armyspy.com,GB,United Kingdom
583,Marcus,Rodriguez,MarcusERodriguez@fleckens.hu,US,United States
584,Greg,Nolan,GregMNolan@teleworm.us,ES,Spain
585,Merle,Dunn,MerlePDunn@dayrep.com,GB,United Kingdom
586,Pearl,Carr,PearlJCarr@dayrep.com,US,United States
587,Ronnie,You,RonnieEYou@superrito.com,CA,Canada
588,Thomas,Nguyen,ThomasMNguyen@jourrapide.com,GB,United Kingdom
589,Dora,Bryer,DoraCBryer@jourrapide.com,US,United States
590,Jesse,Ward,JesseJWard@jourrapide.com,GB,United Kingdom
591,Darin,Roberts,DarinCRoberts@einrot.com,GB,United Kingdom
592,John,Moore,JohnMMoore@teleworm.us,US,United States
593,Henry,Moritz,HenrySMoritz@teleworm.us,ES,Spain
594,Mickey,Mickle,MickeyDMickle@superrito.com,GB,United Kingdom
595,Paul,Zimmerman,PaulJZimmerman@gustr.com,ES,Spain
596,Brenda,Harvey,BrendaEHarvey@fleckens.hu,CA,Canada
597,Robert,Baker,RobertCBaker@superrito.com,CA,Canada
598,Jay,Fleming,JayJFleming@superrito.com,ES,Spain
599,James,Jones,JamesSJones@teleworm.us,CA,Canada
600,Salvatore,Shaw,SalvatoreKShaw@superrito.com,CA,Canada
601,Heather,Baker,HeatherGBaker@dayrep.com,GB,United Kingdom
602,Theresa,Pruitt,TheresaSPruitt@superrito.com,GB,United Kingdom
603,Tanya,Tarr,TanyaTTarr@rhyta.com,ES,Spain
604,Eva,Horton,EvaJHorton@superrito.com,GB,United Kingdom
605,John,Lindsey,JohnLLindsey@gustr.com,ES,Spain
606,Ray,Corey,RayECorey@dayrep.com,GB,United Kingdom
607,Orlando,Corbeil,OrlandoSCorbeil@teleworm.us,ES,Spain
608,Amanda,Dejesus,AmandaJDejesus@superrito.com,GB,United Kingdom
609,Marisa,Chaney,MarisaMChaney@cuvox.de,CA,Canada
610,Linda,Butler,LindaGButler@gustr.com,GB,United Kingdom
611,Craig,McAtee,CraigCMcAtee@rhyta.com,GB,United Kingdom
612,James,Parks,JamesRParks@superrito.com,US,United States
613,Kay,Hancock,KayPHancock@cuvox.de,GB,United Kingdom
614,Craig,Rogers,CraigJRogers@superrito.com,ES,Spain
615,Rosa,Lovett,RosaTLovett@teleworm.us,US,United States
616,Barbara,Salgado,BarbaraASalgado@dayrep.com,GB,United Kingdom
617,Jeremy,Smith,JeremyGSmith@cuvox.de,ES,Spain
618,Lauren,Hernandez,LaurenJHernandez@superrito.com,US,United States
619,James,Garrison,JamesSGarrison@superrito.com,CA,Canada
620,Bertha,Moore,BerthaJMoore@fleckens.hu,ES,Spain
621,Thelma,Neese,ThelmaDNeese@fleckens.hu,ES,Spain
622,Patrick,Vaughn,PatrickDVaughn@armyspy.com,CA,Canada
623,Heather,Blomquist,HeatherRBlomquist@jourrapide.com,US,United States
624,Eduardo,Dawson,EduardoEDawson@jourrapide.com,CA,Canada
625,Monika,Lopez,MonikaDLopez@fleckens.hu,GB,United Kingdom
626,John,Gardner,JohnLGardner@gustr.com,US,United States
627,Donna,Gonzales,DonnaTGonzales@gustr.com,US,United States
628,Lee,Cook,LeeMCook@rhyta.com,CA,Canada
629,Gordon,King,GordonDKing@dayrep.com,GB,United Kingdom
630,Mitchell,Baca,MitchellWBaca@rhyta.com,US,United States
631,Stacy,Waldron,StacyGWaldron@cuvox.de,CA,Canada
632,Summer,Bolden,SummerRBolden@armyspy.com,GB,United Kingdom
633,Clint,Owens,ClintTOwens@gustr.com,GB,United Kingdom
634,Shirley,Benfield,ShirleyRBenfield@gustr.com,CA,Canada
635,Jerry,Border,JerryLBorder@jourrapide.com,CA,Canada
636,Mary,Ambrose,MaryDAmbrose@gustr.com,ES,Spain
637,Dennis,Willis,DennisRWillis@cuvox.de,CA,Canada
638,Audrey,Lynch,AudreyALynch@superrito.com,ES,Spain
639,Joseph,Bryant,JosephCBryant@rhyta.com,US,United States
640,Jordan,Lollar,JordanSLollar@fleckens.hu,ES,Spain
641,David,Hill,DavidJHill@teleworm.us,CA,Canada
642,Bruce,Schoonmaker,BruceASchoonmaker@jourrapide.com,ES,Spain
643,Debra,Farley,DebraCFarley@gustr.com,ES,Spain
644,Barbara,Burkey,BarbaraGBurkey@fleckens.hu,CA,Canada
645,Wilma,Nance,WilmaRNance@rhyta.com,GB,United Kingdom
646,Arica,Hong,AricaTHong@jourrapide.com,US,United States
647,Rogelio,Tate,RogelioMTate@jourrapide.com,ES,Spain
648,Mary,Gee,MaryRGee@jourrapide.com,GB,United Kingdom
649,Gracie,Smith,GracieRSmith@armyspy.com,ES,Spain
650,Rafael,Worrell,RafaelMWorrell@dayrep.com,ES,Spain
651,Iris,Carle,IrisMCarle@fleckens.hu,US,United States
652,Isabel,Garza,IsabelDGarza@superrito.com,US,United States
653,Susan,Webb,SusanAWebb@jourrapide.com,ES,Spain
654,Chris,Weber,ChrisAWeber@teleworm.us,US,United States
655,June,France,JuneBFrance@fleckens.hu,CA,Canada
656,David,Jones,DavidSJones@superrito.com,GB,United Kingdom
657,Irvin,Humphreys,IrvinLHumphreys@einrot.com,ES,Spain
658,Muriel,Montgomery,MurielAMontgomery@cuvox.de,US,United States
659,Charles,Morrison,CharlesJMorrison@rhyta.com,GB,United Kingdom
660,Evelyn,Zimmer,EvelynDZimmer@cuvox.de,GB,United Kingdom
661,Steven,Ruddell,StevenBRuddell@rhyta.com,US,United States
662,Vera,Kennett,VeraCKennett@armyspy.com,CA,Canada
663,Ana,Christopher,AnaRChristopher@rhyta.com,CA,Canada
664,Matilde,Price,MatildeRPrice@dayrep.com,US,United States
665,Elizabeth,Taylor,ElizabethHTaylor@gustr.com,CA,Canada
666,Heather,Romano,HeatherJRomano@fleckens.hu,US,United States
667,April,Barnes,AprilKBarnes@superrito.com,GB,United Kingdom
668,Robert,Prince,RobertKPrince@einrot.com,GB,United Kingdom
669,Elva,Dorazio,ElvaEDorazio@gustr.com,CA,Canada
670,Juan,Deal,JuanSDeal@dayrep.com,GB,United Kingdom
671,Tommy,Cowan,TommyWCowan@dayrep.com,CA,Canada
672,Roger,Carrillo,RogerHCarrillo@einrot.com,US,United States
673,Vickie,Adams,VickieJAdams@jourrapide.com,GB,United Kingdom
674,Katrina,Hatfield,KatrinaRHatfield@superrito.com,US,United States
675,Thomas,Peeples,ThomasEPeeples@dayrep.com,CA,Canada
676,James,Anderson,JamesPAnderson@armyspy.com,CA,Canada
677,Diane,Hisey,DianeDHisey@teleworm.us,GB,United Kingdom
678,James,Tu,JamesBTu@fleckens.hu,CA,Canada
679,Jermaine,Daluz,JermaineLDaluz@dayrep.com,GB,United Kingdom
680,David,Harris,DavidOHarris@armyspy.com,US,United States
681,Teri,Walker,TeriRWalker@rhyta.com,ES,Spain
682,Adrian,Riley,AdrianYRiley@fleckens.hu,CA,Canada
683,Margaret,Keller,MargaretSKeller@armyspy.com,US,United States
684,Raymond,Ortiz,RaymondCOrtiz@dayrep.com,ES,Spain
685,Thomas,Johnson,ThomasTJohnson@einrot.com,GB,United Kingdom
686,Gloria,Hutchison,GloriaDHutchison@armyspy.com,GB,United Kingdom
687,Cameron,Nagy,CameronMNagy@dayrep.com,GB,United Kingdom
688,Monique,Shaw,MoniqueMShaw@teleworm.us,ES,Spain
689,Marlene,Phillips,MarleneRPhillips@armyspy.com,US,United States
690,Mitchell,Hicks,MitchellJHicks@armyspy.com,ES,Spain
691,Mary,Jones,MaryJJones@gustr.com,GB,United Kingdom
692,Michael,Finch,MichaelTFinch@cuvox.de,GB,United Kingdom
693,Nicholas,Wright,NicholasCWright@fleckens.hu,US,United States
694,John,Oliphant,JohnSOliphant@gustr.com,CA,Canada
695,John,Perry,JohnDPerry@gustr.com,ES,Spain
696,Phil,Moore,PhilFMoore@cuvox.de,US,United States
697,Jan,Byrnes,JanJByrnes@rhyta.com,CA,Canada
698,Penny,Han,PennyCHan@jourrapide.com,CA,Canada
699,James,Merritt,JamesSMerritt@jourrapide.com,ES,Spain
700,Stephen,Mefford,StephenGMefford@teleworm.us,ES,Spain
701,Matthew,Garcia,MatthewTGarcia@dayrep.com,US,United States
702,Karl,King,KarlJKing@dayrep.com,ES,Spain
703,Charles,Velasquez,CharlesHVelasquez@dayrep.com,ES,Spain
704,Helen,Gordon,HelenEGordon@teleworm.us,ES,Spain
705,Adele,Bowles,AdeleLBowles@teleworm.us,GB,United Kingdom
706,Lilian,Hill,LilianEHill@cuvox.de,CA,Canada
707,Joseph,Albert,JosephMAlbert@armyspy.com,US,United States
708,Edgar,Chittum,EdgarRChittum@armyspy.com,US,United States
709,Elisa,Bailey,ElisaTBailey@einrot.com,GB,United Kingdom
710,Ariel,Benjamin,ArielDBenjamin@einrot.com,CA,Canada
711,Robert,Ford,RobertIFord@superrito.com,GB,United Kingdom
712,Dale,Wallin,DaleAWallin@teleworm.us,CA,Canada
713,Kathleen,Cole,KathleenJCole@cuvox.de,GB,United Kingdom
714,Kristen,Beard,KristenJBeard@armyspy.com,GB,United Kingdom
715,Daniele,Houghton,DanieleRHoughton@teleworm.us,US,United States
716,Jose,Lowell,JoseDLowell@dayrep.com,ES,Spain
717,Lori,Malloy,LoriBMalloy@superrito.com,US,United States
718,Jeannette,Shaw,JeannetteDShaw@armyspy.com,US,United States
719,Delores,Suarez,DeloresFSuarez@gustr.com,GB,United Kingdom
720,Bernice,Jenkins,BerniceMJenkins@jourrapide.com,CA,Canada
721,Tara,Smith,TaraPSmith@cuvox.de,CA,Canada
722,Leslie,Rinker,LeslieMRinker@jourrapide.com,CA,Canada
723,Alice,Littlefield,AliceCLittlefield@einrot.com,US,United States
724,Randy,Vines,RandyMVines@superrito.com,US,United States
725,Charles,Crum,CharlesBCrum@gustr.com,US,United States
726,Eric,Yanez,EricDYanez@rhyta.com,US,United States
727,Everett,Barber,EverettVBarber@einrot.com,CA,Canada
728,Lonnie,Wolfe,LonnieRWolfe@rhyta.com,ES,Spain
729,Kay,Hernandez,KayDHernandez@dayrep.com,US,United States
730,Robert,Bolton,RobertEBolton@superrito.com,CA,Canada
731,Kraig,Brady,KraigKBrady@einrot.com,ES,Spain
732,Blanche,Willson,BlancheGWillson@cuvox.de,US,United States
733,Lynette,Weaver,LynetteSWeaver@teleworm.us,US,United States
734,Emily,Pompa,EmilyRPompa@cuvox.de,GB,United Kingdom
735,Martin,Kennett,MartinJKennett@armyspy.com,GB,United Kingdom
736,Samuel,Vera,SamuelDVera@jourrapide.com,ES,Spain
737,Alma,Schmidt,AlmaTSchmidt@teleworm.us,GB,United Kingdom
738,Chase,Long,ChaseBLong@dayrep.com,ES,Spain
739,Lisa,McNeil,LisaJMcNeil@jourrapide.com,GB,United Kingdom
740,George,Vanleer,GeorgeTVanleer@jourrapide.com,CA,Canada
741,Joseph,Guzman,JosephSGuzman@einrot.com,CA,Canada
742,Frank,Glazier,FrankJGlazier@teleworm.us,ES,Spain
743,Todd,Pedersen,ToddFPedersen@gustr.com,GB,United Kingdom
744,Gwendolyn,Bahe,GwendolynRBahe@fleckens.hu,US,United States
745,Patricia,Dockery,PatriciaSDockery@gustr.com,CA,Canada
746,Eileen,Ice,EileenRIce@jourrapide.com,ES,Spain
747,Helen,McMullin,HelenMMcMullin@rhyta.com,CA,Canada
748,Andrea,James,AndreaRJames@einrot.com,GB,United Kingdom
749,Lynda,Walker,LyndaWWalker@superrito.com,US,United States
750,Chad,Butts,ChadIButts@cuvox.de,CA,Canada
751,Robert,Waters,RobertLWaters@einrot.com,CA,Canada
752,Jared,Carter,JaredBCarter@superrito.com,ES,Spain
753,Dorothy,Boucher,DorothySBoucher@armyspy.com,GB,United Kingdom
754,Micheal,Russo,MichealNRusso@teleworm.us,ES,Spain
755,Marilyn,Blair,MarilynRBlair@teleworm.us,US,United States
756,Bradley,Stewart,BradleyDStewart@jourrapide.com,GB,United Kingdom
757,Steven,Mendez,StevenCMendez@jourrapide.com,CA,Canada
758,Cherie,Garnett,CherieCGarnett@armyspy.com,ES,Spain
759,Belva,Lundgren,BelvaJLundgren@dayrep.com,GB,United Kingdom
760,Donald,Williams,DonaldNWilliams@dayrep.com,GB,United Kingdom
761,Rita,Weber,RitaJWeber@teleworm.us,CA,Canada
762,David,Waxman,DavidMWaxman@dayrep.com,GB,United Kingdom
763,Henry,Burks,HenryBBurks@einrot.com,CA,Canada
764,Mary,Myers,MaryMMyers@teleworm.us,GB,United Kingdom
765,Melvin,Knight,MelvinRKnight@gustr.com,GB,United Kingdom
766,Jason,Dietrich,JasonNDietrich@armyspy.com,US,United States
767,Charles,Wimbish,CharlesKWimbish@armyspy.com,US,United States
768,Linda,Sanders,LindaHSanders@fleckens.hu,ES,Spain
769,Daniel,Hyde,DanielJHyde@fleckens.hu,US,United States
770,Rosita,Dear,RositaMDear@rhyta.com,US,United States
771,Mary,Shamblin,MaryRShamblin@armyspy.com,ES,Spain
772,Bobbie,Patrick,BobbieSPatrick@superrito.com,CA,Canada
773,Carl,Sherman,CarlLSherman@armyspy.com,ES,Spain
774,Thomas,Harp,ThomasHHarp@fleckens.hu,GB,United Kingdom
775,Diane,Torres,DianeDTorres@rhyta.com,GB,United Kingdom
776,Angelina,Webb,AngelinaDWebb@teleworm.us,CA,Canada
777,Janet,Morgan,JanetGMorgan@superrito.com,CA,Canada
778,Lena,Villegas,LenaBVillegas@fleckens.hu,GB,United Kingdom
779,Lori,Crawford,LoriKCrawford@dayrep.com,CA,Canada
780,Wes,Barnes,WesCBarnes@rhyta.com,CA,Canada
781,Jarvis,Dunlap,JarvisLDunlap@einrot.com,US,United States
782,Alan,Brewer,AlanNBrewer@gustr.com,CA,Canada
783,Henry,Mitchell,HenryFMitchell@jourrapide.com,GB,United Kingdom
784,Gracie,Delgado,GracieLDelgado@gustr.com,US,United States
785,Anna,Hildebrand,AnnaJHildebrand@rhyta.com,GB,United Kingdom
786,Diane,Wells,DianeJWells@fleckens.hu,GB,United Kingdom
787,Roxanna,Alverson,RoxannaHAlverson@cuvox.de,ES,Spain
788,Anita,McKenzie,AnitaMMcKenzie@cuvox.de,GB,United Kingdom
789,Roy,Klug,RoyMKlug@rhyta.com,GB,United Kingdom
790,Kylee,Barnett,KyleeJBarnett@teleworm.us,CA,Canada
791,Fred,Noel,FredMNoel@gustr.com,US,United States
792,Kenneth,Manning,KennethMManning@armyspy.com,US,United States
793,Nancy,Pyburn,NancyDPyburn@gustr.com,GB,United Kingdom
794,Bradley,Bailey,BradleyJBailey@dayrep.com,ES,Spain
795,Virginia,Nelson,VirginiaRNelson@jourrapide.com,CA,Canada
796,Tommy,Whitman,TommyEWhitman@einrot.com,GB,United Kingdom
797,Michelle,Macdonald,MichelleFMacdonald@armyspy.com,US,United States
798,Christopher,Hall,ChristopherBHall@armyspy.com,GB,United Kingdom
799,Norma,Wilson,NormaDWilson@jourrapide.com,CA,Canada
800,Henry,Uresti,HenryLUresti@fleckens.hu,ES,Spain
801,Jenny,Obrien,JennyMObrien@jourrapide.com,US,United States
802,Alex,Brown,AlexLBrown@einrot.com,CA,Canada
803,Fay,Yoder,FayDYoder@superrito.com,US,United States
804,Gregory,Griffin,GregoryBGriffin@dayrep.com,ES,Spain
805,Wilbert,Lawson,WilbertKLawson@armyspy.com,US,United States
806,Peggy,Byrd,PeggyJByrd@cuvox.de,CA,Canada
807,Scott,Craft,ScottBCraft@teleworm.us,ES,Spain
808,Nancy,Bernstein,NancyCBernstein@rhyta.com,GB,United Kingdom
809,Anthony,Rivera,AnthonyBRivera@jourrapide.com,US,United States
810,Marie,Decker,MarieWDecker@einrot.com,CA,Canada
811,Irwin,Trollinger,IrwinGTrollinger@armyspy.com,CA,Canada
812,Lucille,Baumeister,LucilleRBaumeister@einrot.com,CA,Canada
813,Lucy,Bennett,LucyRBennett@cuvox.de,CA,Canada
814,Norman,Sharp,NormanDSharp@gustr.com,US,United States
815,Carole,Covington,CaroleLCovington@fleckens.hu,GB,United Kingdom
816,Damaris,Roland,DamarisJRoland@teleworm.us,CA,Canada
817,Crystal,Goforth,CrystalRGoforth@dayrep.com,ES,Spain
818,Glenna,Clements,GlennaTClements@jourrapide.com,ES,Spain
819,Edgar,Nelson,EdgarLNelson@cuvox.de,US,United States
820,Charles,Carter,CharlesMCarter@cuvox.de,GB,United Kingdom
821,Betty,Owings,BettyDOwings@teleworm.us,CA,Canada
822,John,Howard,JohnDHoward@teleworm.us,ES,Spain
823,Helen,Denning,HelenTDenning@gustr.com,US,United States
824,Mike,Jordon,MikeDJordon@einrot.com,CA,Canada
825,Peter,Kendrick,PeterEKendrick@gustr.com,US,United States
826,Greg,Griffin,GregCGriffin@cuvox.de,US,United States
827,Beth,Roussel,BethHRoussel@gustr.com,GB,United Kingdom
828,Robert,Ruhland,RobertERuhland@armyspy.com,ES,Spain
829,Jonathon,Lozano,JonathonLLozano@rhyta.com,GB,United Kingdom
830,Delpha,Murphy,DelphaKMurphy@jourrapide.com,CA,Canada
831,Michele,Saldana,MicheleMSaldana@rhyta.com,GB,United Kingdom
832,Irene,Griffin,IreneDGriffin@fleckens.hu,CA,Canada
833,Carol,Macias,CarolDMacias@fleckens.hu,CA,Canada
834,John,Brewer,JohnWBrewer@fleckens.hu,CA,Canada
835,Alfonso,Ward,AlfonsoJWard@superrito.com,US,United States
836,Daniel,Shanks,DanielCShanks@einrot.com,CA,Canada
837,Angela,Woodley,AngelaDWoodley@einrot.com,CA,Canada
838,Toni,Bartley,ToniCBartley@armyspy.com,CA,Canada
839,Elvia,Lilly,ElviaGLilly@gustr.com,US,United States
840,Martha,Lawler,MarthaDLawler@armyspy.com,US,United States
841,Angela,Siegel,AngelaLSiegel@teleworm.us,GB,United Kingdom
842,Marilyn,Singleton,MarilynDSingleton@cuvox.de,CA,Canada
843,Eric,Ryan,EricLRyan@fleckens.hu,ES,Spain
844,Mary,Burling,MaryRBurling@fleckens.hu,CA,Canada
845,Erma,Montes,ErmaDMontes@rhyta.com,GB,United Kingdom
846,Sandra,Greco,SandraCGreco@cuvox.de,CA,Canada
847,Wesley,Wilson,WesleyEWilson@fleckens.hu,US,United States
848,Shannon,Davis,ShannonJDavis@rhyta.com,ES,Spain
849,Jacqueline,Albright,JacquelineLAlbright@armyspy.com,US,United States
850,Richard,Williams,RichardHWilliams@rhyta.com,US,United States
851,Margaret,Hargrove,MargaretGHargrove@fleckens.hu,CA,Canada
852,Mark,Markel,MarkAMarkel@einrot.com,ES,Spain
853,Armando,Rybicki,ArmandoJRybicki@gustr.com,US,United States
854,George,Corley,GeorgeDCorley@dayrep.com,GB,United Kingdom
855,James,Tobar,JamesDTobar@fleckens.hu,CA,Canada
856,Jonathan,Collado,JonathanCCollado@teleworm.us,GB,United Kingdom
857,Mark,Jackson,MarkLJackson@einrot.com,US,United States
858,Harold,Garlick,HaroldAGarlick@jourrapide.com,ES,Spain
859,Peter,Johnson,PeterIJohnson@einrot.com,US,United States
860,Wilda,Barnes,WildaRBarnes@rhyta.com,CA,Canada
861,Robert,Worcester,RobertEWorcester@superrito.com,US,United States
862,Alma,Bryant,AlmaCBryant@jourrapide.com,US,United States
863,Marilyn,Cabrera,MarilynLCabrera@rhyta.com,CA,Canada
864,Claire,Irizarry,ClaireJIrizarry@superrito.com,US,United States
865,Edie,Brown,EdieBBrown@fleckens.hu,ES,Spain
866,Carolyn,Gaines,CarolynTGaines@cuvox.de,ES,Spain
867,Julia,Goldman,JuliaCGoldman@rhyta.com,GB,United Kingdom
868,Kimberly,Leishman,KimberlySLeishman@cuvox.de,ES,Spain
869,Sandra,Espinoza,SandraLEspinoza@superrito.com,ES,Spain
870,John,Grace,JohnMGrace@gustr.com,CA,Canada
871,Henry,Moran,HenryGMoran@teleworm.us,CA,Canada
872,Gerry,Hutchinson,GerryBHutchinson@armyspy.com,CA,Canada
873,Thomas,Doster,ThomasLDoster@cuvox.de,GB,United Kingdom
874,Gary,Brown,GarySBrown@einrot.com,ES,Spain
875,Winford,Landreth,WinfordMLandreth@jourrapide.com,CA,Canada
876,Elizabeth,Stjohn,ElizabethLStjohn@einrot.com,GB,United Kingdom
877,Andre,Morales,AndreLMorales@armyspy.com,ES,Spain
878,Craig,Sheridan,CraigRSheridan@dayrep.com,GB,United Kingdom
879,Harold,Lucero,HaroldDLucero@superrito.com,CA,Canada
880,Van,Brooks,VanJBrooks@gustr.com,ES,Spain
881,Hugh,George,HughSGeorge@superrito.com,ES,Spain
882,Ivette,Burdine,IvetteRBurdine@cuvox.de,GB,United Kingdom
883,Robin,Laura,RobinDLaura@teleworm.us,CA,Canada
884,Leon,Sheedy,LeonTSheedy@fleckens.hu,CA,Canada
885,Chad,Hernandez,ChadJHernandez@rhyta.com,GB,United Kingdom
886,Antonia,Amos,AntoniaRAmos@teleworm.us,CA,Canada
887,Jesse,Cook,JesseGCook@armyspy.com,ES,Spain
888,Rosie,Ginn,RosieCGinn@einrot.com,ES,Spain
889,Richard,Morrill,RichardMMorrill@rhyta.com,US,United States
890,Pauline,Weiss,PaulineTWeiss@fleckens.hu,US,United States
891,Allen,Petrus,AllenAPetrus@gustr.com,GB,United Kingdom
892,Earnestine,Whitney,EarnestineDWhitney@gustr.com,US,United States
893,Rose,Haywood,RoseFHaywood@rhyta.com,US,United States
894,Francis,Thompson,FrancisMThompson@rhyta.com,US,United States
895,Thomas,Ross,ThomasSRoss@superrito.com,US,United States
896,Melissa,Lopez,MelissaRLopez@cuvox.de,GB,United Kingdom
897,Peggy,Brinker,PeggyHBrinker@gustr.com,GB,United Kingdom
898,Jerry,Thompson,JerryNThompson@rhyta.com,US,United States
899,Clarence,Ballew,ClarenceJBallew@cuvox.de,CA,Canada
900,Lisa,Crider,LisaRCrider@superrito.com,US,United States
901,Brittany,Moore,BrittanyCMoore@einrot.com,US,United States
902,Carlene,Whitlow,CarleneJWhitlow@jourrapide.com,ES,Spain
903,John,Therrien,JohnZTherrien@einrot.com,US,United States
904,Michele,Sheperd,MicheleJSheperd@gustr.com,US,United States
905,Kelli,Stewart,KelliDStewart@gustr.com,ES,Spain
906,Wilma,Jamieson,WilmaBJamieson@armyspy.com,CA,Canada
907,Justin,Whitaker,JustinAWhitaker@fleckens.hu,US,United States
908,Merna,Larson,MernaTLarson@fleckens.hu,GB,United Kingdom
909,Helen,Helmer,HelenJHelmer@rhyta.com,ES,Spain
910,Charles,Scheffler,CharlesAScheffler@superrito.com,US,United States
911,Ashley,Robinson,AshleyPRobinson@rhyta.com,GB,United Kingdom
912,Lauren,Ludwig,LaurenGLudwig@einrot.com,US,United States
913,Jennifer,Harvey,JenniferDHarvey@fleckens.hu,GB,United Kingdom
914,Margaret,Hott,MargaretPHott@cuvox.de,US,United States
915,Jackie,Williams,JackieJWilliams@rhyta.com,GB,United Kingdom
916,James,Buendia,JamesNBuendia@jourrapide.com,US,United States
917,Johnny,Kern,JohnnyHKern@gustr.com,US,United States
918,Leticia,Briggs,LeticiaSBriggs@einrot.com,CA,Canada
919,Adam,Blackburn,AdamBBlackburn@fleckens.hu,GB,United Kingdom
920,Stacy,Foster,StacyJFoster@rhyta.com,GB,United Kingdom
921,Mary,Cerny,MaryTCerny@cuvox.de,ES,Spain
922,Jerry,Henson,JerryVHenson@teleworm.us,GB,United Kingdom
923,Grover,Brown,GroverDBrown@dayrep.com,ES,Spain
924,Patricia,Palacios,PatriciaRPalacios@armyspy.com,US,United States
925,Russell,Montgomery,RussellRMontgomery@rhyta.com,US,United States
926,Lela,Mills,LelaDMills@fleckens.hu,ES,Spain
927,Frederick,Bishop,FrederickEBishop@cuvox.de,GB,United Kingdom
928,Mary,Herbert,MaryJHerbert@fleckens.hu,CA,Canada
929,Kelly,Joseph,KellyMJoseph@gustr.com,GB,United Kingdom
930,Jacob,Reiss,JacobCReiss@cuvox.de,GB,United Kingdom
931,Brandon,McDonald,BrandonMMcDonald@einrot.com,ES,Spain
932,Jose,Jackson,JoseLJackson@dayrep.com,GB,United Kingdom
933,Rebecca,Lindsey,RebeccaHLindsey@superrito.com,CA,Canada
934,George,Williams,GeorgeRWilliams@fleckens.hu,GB,United Kingdom
935,Jeanette,Fogarty,JeanetteMFogarty@dayrep.com,CA,Canada
936,Jessica,Hodges,JessicaDHodges@gustr.com,US,United States
937,Bobbie,Davis,BobbieCDavis@cuvox.de,GB,United Kingdom
938,Jean,Williams,JeanCWilliams@dayrep.com,GB,United Kingdom
939,Betty,Lopez,BettyKLopez@jourrapide.com,CA,Canada
940,Frank,Mason,FrankEMason@fleckens.hu,ES,Spain
941,Myrtle,Roberts,MyrtleJRoberts@gustr.com,CA,Canada
942,Brett,Hough,BrettKHough@superrito.com,CA,Canada
943,Berry,Thornsberry,BerryKThornsberry@gustr.com,CA,Canada
944,Martha,Mendoza,MarthaDMendoza@armyspy.com,CA,Canada
945,Belinda,Tober,BelindaLTober@armyspy.com,GB,United Kingdom
946,Ruby,Adams,RubyTAdams@jourrapide.com,ES,Spain
947,Judith,Strickland,JudithEStrickland@teleworm.us,CA,Canada
948,Marilyn,Miller,MarilynDMiller@superrito.com,GB,United Kingdom
949,Thomas,Davis,ThomasPDavis@jourrapide.com,GB,United Kingdom
950,Sidney,Campbell,SidneyPCampbell@jourrapide.com,GB,United Kingdom
951,Ella,Moore,EllaSMoore@armyspy.com,GB,United Kingdom
952,Megan,Good,MeganCGood@superrito.com,ES,Spain
953,Janet,Slick,JanetCSlick@superrito.com,US,United States
954,Mathew,Murphy,MathewNMurphy@jourrapide.com,US,United States
955,Stephen,Ard,StephenLArd@armyspy.com,CA,Canada
956,Chelsea,Keller,ChelseaSKeller@gustr.com,CA,Canada
957,Rebecca,Grubb,RebeccaHGrubb@jourrapide.com,US,United States
958,Marietta,Sweat,MariettaWSweat@cuvox.de,CA,Canada
959,Vivian,Gainey,VivianBGainey@cuvox.de,GB,United Kingdom
960,Michael,Hackman,MichaelLHackman@cuvox.de,GB,United Kingdom
961,William,Morales,WilliamMMorales@fleckens.hu,ES,Spain
962,Teresa,Link,TeresaSLink@rhyta.com,ES,Spain
963,Daphne,Gordon,DaphneBGordon@jourrapide.com,US,United States
964,Edna,Ewell,EdnaJEwell@teleworm.us,CA,Canada
965,Brendan,Camacho,BrendanSCamacho@rhyta.com,ES,Spain
966,Don,Hardy,DonSHardy@fleckens.hu,GB,United Kingdom
967,Cora,Magee,CoraBMagee@dayrep.com,GB,United Kingdom
968,Kimberly,Kelly,KimberlyTKelly@cuvox.de,US,United States
969,Gloria,Cox,GloriaFCox@superrito.com,US,United States
970,Earlene,Saunders,EarleneJSaunders@einrot.com,GB,United Kingdom
971,Kelsey,Howarth,KelseyLHowarth@armyspy.com,CA,Canada
972,Damaris,Pringle,DamarisSPringle@rhyta.com,ES,Spain
973,Amanda,Abbott,AmandaDAbbott@superrito.com,ES,Spain
974,Jennifer,Slaven,JenniferJSlaven@gustr.com,CA,Canada
975,Dennis,Dennis,DennisGDennis@armyspy.com,ES,Spain
976,Linda,Gillett,LindaCGillett@teleworm.us,GB,United Kingdom
977,Wallace,Gaffney,WallaceAGaffney@fleckens.hu,GB,United Kingdom
978,Kenneth,Schmidt,KennethGSchmidt@jourrapide.com,GB,United Kingdom
979,Lucia,Watts,LuciaJWatts@rhyta.com,ES,Spain
980,Jesse,Smith,JesseCSmith@gustr.com,ES,Spain
981,Quinton,Engleman,QuintonVEngleman@fleckens.hu,GB,United Kingdom
982,Robert,Delgado,RobertEDelgado@armyspy.com,GB,United Kingdom
983,Terry,Navarrete,TerryDNavarrete@fleckens.hu,ES,Spain
984,Connie,Hall,ConnieDHall@gustr.com,CA,Canada
985,Donald,Tyson,DonaldETyson@jourrapide.com,GB,United Kingdom
986,Tammy,Holmes,TammyMHolmes@rhyta.com,GB,United Kingdom
987,William,Adam,WilliamMAdam@jourrapide.com,US,United States
988,William,Rodriguez,WilliamRRodriguez@rhyta.com,ES,Spain
989,Sonia,Marks,SoniaAMarks@teleworm.us,GB,United Kingdom
990,Serena,Linares,SerenaILinares@teleworm.us,GB,United Kingdom
991,Elena,Vaughn,ElenaWVaughn@einrot.com,US,United States
992,April,Wrobel,AprilPWrobel@einrot.com,ES,Spain
993,Justin,Berry,JustinTBerry@teleworm.us,CA,Canada
994,Willie,King,WillieCKing@superrito.com,US,United States
995,William,Smith,WilliamASmith@rhyta.com,US,United States
996,Melissa,Kim,MelissaNKim@rhyta.com,GB,United Kingdom
997,William,Lauber,WilliamCLauber@dayrep.com,CA,Canada
998,Carmen,Robinette,CarmenJRobinette@einrot.com,GB,United Kingdom
999,Bobby,Crawford,BobbyFCrawford@dayrep.com,ES,Spain
1000,Marva,Doolittle,MarvaJDoolittle@rhyta.com,US,United States
